{"cameraMode":{"drawMode":0,"name":"Shaded","section":"Shading Mode"},"sceneLighting":true,"audioPlay":false,"sceneViewState":{"showFog":true,"showMaterialUpdate":false,"showSkybox":true,"showFlares":true,"showImageEffects":true,"showParticleSystems":true},"in2DMode":false,"pivot":{"x":0.7248615026473999,"y":1.362812876701355,"z":-2.9430899620056154},"rotation":{"x":0.024288643151521684,"y":-0.9527985453605652,"z":0.07905998826026917,"w":0.2922232747077942},"size":4.755765914916992,"orthographic":false}