{"cameraMode":{"drawMode":0,"name":"Shaded","section":"Shading Mode"},"sceneLighting":true,"audioPlay":false,"sceneViewState":{"showFog":true,"showMaterialUpdate":false,"showSkybox":false,"showFlares":true,"showImageEffects":true,"showParticleSystems":true},"in2DMode":false,"pivot":{"x":4.450000762939453,"y":2.9199981689453127,"z":-8.200000762939454},"rotation":{"x":0.08746514469385147,"y":0.9004634022712708,"z":-0.21350827813148499,"w":0.36888593435287478},"size":60.62177658081055,"orthographic":false}