{"cameraMode":{"drawMode":0,"name":"Shaded","section":"Shading Mode"},"sceneLighting":false,"audioPlay":false,"sceneViewState":{"showFog":true,"showMaterialUpdate":false,"showSkybox":false,"showFlares":true,"showImageEffects":true,"showParticleSystems":true},"in2DMode":false,"pivot":{"x":-4.76837158203125e-7,"y":1.7666664123535157,"z":-4.76837158203125e-7},"rotation":{"x":0.13966715335845948,"y":-0.4257179796695709,"z":0.06669387966394425,"w":0.891524076461792},"size":13.867874145507813,"orthographic":false}