{"cameraMode":{"drawMode":0,"name":"Shaded","section":"Shading Mode"},"sceneLighting":false,"audioPlay":false,"sceneViewState":{"showFog":true,"showMaterialUpdate":false,"showSkybox":false,"showFlares":true,"showImageEffects":true,"showParticleSystems":true},"in2DMode":false,"pivot":{"x":-0.1503458023071289,"y":2.075861930847168,"z":-0.10308206081390381},"rotation":{"x":0.08349773287773133,"y":-0.7946416735649109,"z":0.11230320483446121,"w":0.5907754302024841},"size":0.4809025526046753,"orthographic":false}